month,total_saved,average_deposit,num_deposits,active_members,growth_percent
2025-01,71591.01,22.75,3147,200,
2025-02,62738.91,22.64,2771,200,-12.4
2025-03,68497.95,22.79,3005,200,9.2
2025-04,69711.89,22.74,3066,200,1.8
2025-05,70245.43,22.89,3069,200,0.8
2025-06,67802.27,22.92,2958,200,-3.5
2025-07,73023.59,22.63,3227,200,7.7
2025-08,68743.33,22.72,3026,200,-5.9
2025-09,68601.31,22.79,3010,200,-0.2
2025-10,70389.22,22.68,3103,200,2.6
2025-11,66688.31,22.63,2947,200,-5.3
2025-12,72954.34,22.71,3213,200,9.4
